{"accuracy": [0.14723418653011322, 0.3504471778869629, 0.498343825340271, 0.6001987457275391, 0.6594898700714111, 0.7100033164024353, 0.7558794021606445, 0.7981119751930237, 0.8138456344604492, 0.8403444886207581, 0.8396820425987244, 0.8607154488563538, 0.8615435361862183, 0.8746273517608643, 0.8797615170478821, 0.9001324772834778, 0.9123882055282593, 0.908082127571106, 0.9019542932510376, 0.9168598651885986, 0.9190129041671753, 0.9299436807632446, 0.931102991104126, 0.9135475158691406, 0.931102991104126, 0.9171911478042603, 0.9142100214958191, 0.9547863602638245, 0.9730042815208435, 0.9764822721481323, 0.9774760007858276, 0.9758198261260986, 0.975322961807251, 0.9759854078292847, 0.975488543510437, 0.9816164374351501, 0.9865849614143372, 0.9857568740844727, 0.9842663407325745, 0.9872474074363708, 0.9892348647117615, 0.9875786900520325, 0.9898973107337952, 0.9903941750526428, 0.9912222623825073, 0.9912222623825073], "loss": [3.7224650382995605, 2.2717490196228027, 1.678743600845337, 1.325542688369751, 1.0963802337646484, 0.9428253173828125, 0.7871585488319397, 0.6546145677566528, 0.6063956022262573, 0.5296047925949097, 0.5174195170402527, 0.4510616064071655, 0.4529149532318115, 0.4085206091403961, 0.3817405104637146, 0.32831379771232605, 0.28938403725624084, 0.3068438172340393, 0.31740179657936096, 0.26662880182266235, 0.2629309594631195, 0.23377105593681335, 0.22620241343975067, 0.2832314074039459, 0.22287216782569885, 0.271642804145813, 0.28946202993392944, 0.1512434184551239, 0.09705386310815811, 0.08818171918392181, 0.08494222909212112, 0.07813165336847305, 0.08380144089460373, 0.08638791739940643, 0.0819164365530014, 0.06403464078903198, 0.04997807368636131, 0.049094703048467636, 0.050881896167993546, 0.043423090130090714, 0.03782498463988304, 0.03983594849705696, 0.03715776279568672, 0.03418901190161705, 0.0319235660135746, 0.031240344047546387], "val_accuracy": [0.27673545479774475, 0.4465290904045105, 0.5365853905677795, 0.6210131049156189, 0.6857410669326782, 0.7729831337928772, 0.7729831337928772, 0.7879924774169922, 0.799249529838562, 0.8377110958099365, 0.8348968029022217, 0.8508442640304565, 0.8424015045166016, 0.8236397504806519, 0.8789868950843811, 0.8818011283874512, 0.8958724141120911, 0.8846153616905212, 0.8799249529838562, 0.899624764919281, 0.901500940322876, 0.9146341681480408, 0.906191349029541, 0.901500940322876, 0.8939962387084961, 0.891182005405426, 0.8958724141120911, 0.9380863308906555, 0.9484052658081055, 0.9530956745147705, 0.9474671483039856, 0.9493433237075806, 0.9455909729003906, 0.9530956745147705, 0.9399625062942505, 0.9559099674224854, 0.9540337920188904, 0.9549718499183655, 0.9596623182296753, 0.9549718499183655, 0.9568480253219604, 0.9577861428260803, 0.9596623182296753, 0.9615384340286255, 0.9596623182296753, 0.9559099674224854], "val_loss": [2.715581178665161, 1.895500898361206, 1.501249074935913, 1.2474980354309082, 1.0363231897354126, 0.7630162239074707, 0.7574164867401123, 0.704961359500885, 0.6564932465553284, 0.584626317024231, 0.5245667099952698, 0.5231609344482422, 0.5198161602020264, 0.5864582061767578, 0.43113774061203003, 0.4249524474143982, 0.37465110421180725, 0.4236534535884857, 0.42668989300727844, 0.3798067271709442, 0.36919474601745605, 0.313952773809433, 0.36823099851608276, 0.3401288688182831, 0.40679168701171875, 0.3903450071811676, 0.3770323693752289, 0.2523552179336548, 0.24118651449680328, 0.22306327521800995, 0.2419791966676712, 0.2469632774591446, 0.24267379939556122, 0.22759227454662323, 0.275810569524765, 0.2110758125782013, 0.22206507623195648, 0.22669346630573273, 0.21477951109409332, 0.21978145837783813, 0.21708066761493683, 0.22438791394233704, 0.21951942145824432, 0.21481050550937653, 0.22521810233592987, 0.22276288270950317], "learning_rate": [0.0010000000474974513, 0.0010000000474974513, 0.0010000000474974513, 0.0010000000474974513, 0.0010000000474974513, 0.0010000000474974513, 0.0010000000474974513, 0.0010000000474974513, 0.0010000000474974513, 0.0010000000474974513, 0.0010000000474974513, 0.0010000000474974513, 0.0010000000474974513, 0.0010000000474974513, 0.0010000000474974513, 0.0010000000474974513, 0.0010000000474974513, 0.0010000000474974513, 0.0010000000474974513, 0.0010000000474974513, 0.0010000000474974513, 0.0010000000474974513, 0.0010000000474974513, 0.0010000000474974513, 0.0010000000474974513, 0.0010000000474974513, 0.0010000000474974513, 0.0005000000237487257, 0.0005000000237487257, 0.0005000000237487257, 0.0005000000237487257, 0.0005000000237487257, 0.0005000000237487257, 0.0005000000237487257, 0.0005000000237487257, 0.0002500000118743628, 0.0002500000118743628, 0.0002500000118743628, 0.0002500000118743628, 0.0002500000118743628, 0.0002500000118743628, 0.0001250000059371814, 0.0001250000059371814, 0.0001250000059371814, 0.0001250000059371814, 0.0001250000059371814]}