{"accuracy": [0.16345492005348206, 0.3869580030441284, 0.5218513607978821, 0.6132140159606934, 0.6670681238174438, 0.7198898792266846, 0.7543014287948608, 0.7825189232826233, 0.8119407892227173, 0.8193392753601074, 0.8405023813247681, 0.8683757781982422, 0.8673434257507324, 0.8556435108184814, 0.8761183619499207, 0.887130081653595, 0.9015829563140869, 0.9093255400657654, 0.9019270539283752, 0.9191328287124634, 0.9167240262031555, 0.8952168226242065, 0.9112181663513184, 0.9270474910736084, 0.9234342575073242, 0.9282519221305847, 0.9318650960922241, 0.9375430345535278, 0.9215416312217712, 0.916551947593689, 0.9325533509254456, 0.940295934677124, 0.9432209134101868, 0.9576737880706787, 0.9537164568901062, 0.9604266881942749, 0.9445973634719849, 0.9346180558204651, 0.9392635822296143, 0.9521679282188416, 0.9573296904563904, 0.9741913080215454, 0.9810736179351807, 0.9793530702590942, 0.9815897941589355, 0.9833104014396667, 0.9834824204444885, 0.98417067527771, 0.9829663038253784, 0.9827942252159119, 0.9857192039489746, 0.9821059703826904, 0.9872677326202393, 0.9877839088439941, 0.988300085067749, 0.9876118302345276, 0.9876118302345276, 0.9877839088439941, 0.9884721040725708, 0.9903647899627686, 0.9896765351295471, 0.9900206327438354, 0.9893324375152588, 0.9908809065818787, 0.9903647899627686, 0.9907088875770569, 0.9907088875770569, 0.9912250638008118, 0.9919132590293884, 0.9908809065818787, 0.9912250638008118, 0.9907088875770569, 0.9917412400245667, 0.9910529851913452, 0.9924294352531433, 0.9912250638008118, 0.9917412400245667, 0.9905368089675903, 0.9919132590293884, 0.9912250638008118, 0.9917412400245667, 0.9919132590293884, 0.9919132590293884, 0.9913970828056335, 0.9922574162483215, 0.9915691614151001, 0.9915691614151001, 0.9915691614151001, 0.992085337638855, 0.9927735924720764, 0.9927735924720764, 0.9912250638008118, 0.9917412400245667, 0.9926015138626099], "loss": [3.652367353439331, 2.2301909923553467, 1.6005539894104004, 1.2628240585327148, 1.0492846965789795, 0.8616102337837219, 0.7484914064407349, 0.669674813747406, 0.5828390121459961, 0.550607442855835, 0.48826634883880615, 0.4128650724887848, 0.3915186822414398, 0.44345855712890625, 0.3882743716239929, 0.3537651002407074, 0.2940073013305664, 0.28370487689971924, 0.30792319774627686, 0.25284016132354736, 0.26490604877471924, 0.315463125705719, 0.264187216758728, 0.23252065479755402, 0.2456643432378769, 0.2275543063879013, 0.209570974111557, 0.19391272962093353, 0.2513400912284851, 0.2518535852432251, 0.2030564248561859, 0.1859545111656189, 0.1916392594575882, 0.14246653020381927, 0.1428491771221161, 0.1259535551071167, 0.1682625263929367, 0.21172304451465607, 0.18790000677108765, 0.1482427567243576, 0.13513822853565216, 0.08950621634721756, 0.06489291787147522, 0.06675339490175247, 0.061550289392471313, 0.05577302724123001, 0.05492555350065231, 0.05546160414814949, 0.05478114262223244, 0.05058125779032707, 0.04964744299650192, 0.054394662380218506, 0.04259499907493591, 0.04017047584056854, 0.036785271018743515, 0.03924567252397537, 0.03950709104537964, 0.038864824920892715, 0.03485305979847908, 0.031175456941127777, 0.03107561357319355, 0.03070696070790291, 0.03216346353292465, 0.028976865112781525, 0.029968317598104477, 0.028686916455626488, 0.027876488864421844, 0.028604593127965927, 0.026942040771245956, 0.029240764677524567, 0.028072163462638855, 0.027421440929174423, 0.02690327726304531, 0.028108792379498482, 0.026842748746275902, 0.02600795403122902, 0.025632193312048912, 0.02696407400071621, 0.025775199756026268, 0.025988634675741196, 0.026120102033019066, 0.025935061275959015, 0.02638600394129753, 0.025572670623660088, 0.025556247681379318, 0.025733064860105515, 0.025324225425720215, 0.025112038478255272, 0.025791766121983528, 0.025060197338461876, 0.02470783330500126, 0.025350261479616165, 0.02488749660551548, 0.024193663150072098], "val_accuracy": [0.3206627666950226, 0.4922027289867401, 0.6198830604553223, 0.6481481194496155, 0.7651072144508362, 0.7953216433525085, 0.8167641162872314, 0.8060429096221924, 0.8508771657943726, 0.8547758460044861, 0.864522397518158, 0.8654970526695251, 0.8810915946960449, 0.8840156197547913, 0.8625730872154236, 0.9015594720840454, 0.8840156197547913, 0.9122806787490845, 0.8986355066299438, 0.9191033244132996, 0.8957114815711975, 0.8898635506629944, 0.9152047038078308, 0.9171540141105652, 0.9249512553215027, 0.9230019450187683, 0.9317739009857178, 0.8986355066299438, 0.9191033244132996, 0.899610161781311, 0.9317739009857178, 0.9249512553215027, 0.9366471767425537, 0.9337232112884521, 0.9424951076507568, 0.9424951076507568, 0.9122806787490845, 0.9249512553215027, 0.9132553339004517, 0.932748556137085, 0.9376218318939209, 0.9483430981636047, 0.9561403393745422, 0.9522417187690735, 0.9522417187690735, 0.9590643048286438, 0.9522417187690735, 0.961013674736023, 0.9532163739204407, 0.9561403393745422, 0.9580896496772766, 0.961013674736023, 0.960038959980011, 0.9658869504928589, 0.9619883298873901, 0.9629629850387573, 0.9580896496772766, 0.9571149945259094, 0.9629629850387573, 0.961013674736023, 0.961013674736023, 0.9629629850387573, 0.9649122953414917, 0.9658869504928589, 0.9629629850387573, 0.9649122953414917, 0.9668616056442261, 0.9649122953414917, 0.9649122953414917, 0.9649122953414917, 0.9639376401901245, 0.9688109159469604, 0.9678362607955933, 0.9678362607955933, 0.9678362607955933, 0.9639376401901245, 0.9658869504928589, 0.9678362607955933, 0.9658869504928589, 0.9678362607955933, 0.9658869504928589, 0.9649122953414917, 0.9658869504928589, 0.9658869504928589, 0.9668616056442261, 0.9668616056442261, 0.9649122953414917, 0.9658869504928589, 0.9649122953414917, 0.9658869504928589, 0.9668616056442261, 0.9649122953414917, 0.9649122953414917, 0.9649122953414917], "val_loss": [2.618483781814575, 1.7554376125335693, 1.2380975484848022, 1.1155272722244263, 0.7425938248634338, 0.6880016922950745, 0.6155366897583008, 0.58772873878479, 0.49489790201187134, 0.4412107467651367, 0.42165490984916687, 0.3882538974285126, 0.38690903782844543, 0.39678871631622314, 0.4326116144657135, 0.3332797586917877, 0.3727286159992218, 0.29913264513015747, 0.34044182300567627, 0.27172914147377014, 0.34823065996170044, 0.3087751269340515, 0.2365257292985916, 0.25095492601394653, 0.295545756816864, 0.26869815587997437, 0.23067158460617065, 0.3109777867794037, 0.288951575756073, 0.3136962056159973, 0.2201780527830124, 0.23093797266483307, 0.20291616022586823, 0.2343778759241104, 0.21959058940410614, 0.18009614944458008, 0.3001028001308441, 0.2712876796722412, 0.26509740948677063, 0.23181714117527008, 0.20358428359031677, 0.1766408383846283, 0.1569942981004715, 0.16024695336818695, 0.1695108413696289, 0.144583061337471, 0.16464874148368835, 0.15390747785568237, 0.15601426362991333, 0.1524563431739807, 0.15688300132751465, 0.14498232305049896, 0.13715602457523346, 0.13731765747070312, 0.13870428502559662, 0.141579270362854, 0.14050357043743134, 0.16123618185520172, 0.13422299921512604, 0.14098067581653595, 0.14786210656166077, 0.14150331914424896, 0.14550811052322388, 0.14321966469287872, 0.14338195323944092, 0.13605302572250366, 0.13427020609378815, 0.1322081834077835, 0.13394059240818024, 0.1338234692811966, 0.13935668766498566, 0.13203412294387817, 0.13476356863975525, 0.13478770852088928, 0.13711300492286682, 0.1392870545387268, 0.1410449594259262, 0.13527588546276093, 0.13181672990322113, 0.13327734172344208, 0.13112306594848633, 0.13073943555355072, 0.12872733175754547, 0.12664923071861267, 0.1286417841911316, 0.12905660271644592, 0.13042987883090973, 0.1299521028995514, 0.13117153942584991, 0.1318930685520172, 0.1300743669271469, 0.12982095777988434, 0.13075129687786102, 0.1311144232749939],