{"accuracy": [0.14104975759983063, 0.34125491976737976, 0.4869208335876465, 0.5884766578674316, 0.6392545700073242, 0.7110617160797119, 0.7221747040748596, 0.7697042226791382, 0.8028723001480103, 0.8211660385131836, 0.8167207837104797, 0.8447597622871399, 0.8674986958503723, 0.8630535006523132, 0.8951957821846008, 0.8943409323692322, 0.888698935508728, 0.911095917224884, 0.9030603766441345, 0.9051119685173035, 0.8883569836616516, 0.9225508570671082, 0.9193024635314941, 0.9052829742431641, 0.9251154065132141, 0.9442639946937561, 0.9367413520812988, 0.9235766530036926, 0.9350316524505615, 0.9153701663017273, 0.9300734996795654, 0.9370832443237305, 0.9454607367515564, 0.9358865022659302, 0.9480252861976624, 0.9466575384140015, 0.9623867273330688, 0.9540092349052429, 0.9437510967254639, 0.9340057969093323, 0.9411865472793579, 0.9516156315803528, 0.9746965169906616, 0.9837579131126404, 0.984612762928009, 0.9861514568328857, 0.9883740544319153, 0.9873482584953308, 0.9856385588645935, 0.9803385138511658, 0.9851256608963013, 0.9861514568328857, 0.9917934536933899, 0.990425705909729, 0.9912805557250977, 0.9912805557250977], "loss": [3.764190912246704, 2.360419750213623, 1.7087444067001343, 1.3513281345367432, 1.1655104160308838, 0.9312642216682434, 0.8659864664077759, 0.7245279550552368, 0.6183165907859802, 0.5611528158187866, 0.5726552605628967, 0.4847092926502228, 0.4211856424808502, 0.4328851103782654, 0.3422057330608368, 0.34295952320098877, 0.3614056706428528, 0.30905458331108093, 0.319945752620697, 0.324678510427475, 0.35099178552627563, 0.2596146762371063, 0.27969807386398315, 0.3021846413612366, 0.2384101003408432, 0.18395906686782837, 0.20674662292003632, 0.2506482005119324, 0.23409803211688995, 0.2847442626953125, 0.24132251739501953, 0.2115394026041031, 0.17697204649448395, 0.20377926528453827, 0.17137719690799713, 0.17720374464988708, 0.12724880874156952, 0.1576284021139145, 0.18314307928085327, 0.22417274117469788, 0.20213665068149567, 0.16314776241779327, 0.09162114560604095, 0.06052170693874359, 0.057174861431121826, 0.0512952022254467, 0.04478245973587036, 0.04638157784938812, 0.05550349876284599, 0.0771380066871643, 0.054006535559892654, 0.05708452686667442, 0.036845866590738297, 0.037951406091451645, 0.03671879693865776, 0.034319207072257996], "val_accuracy": [0.2778315544128418, 0.47821879386901855, 0.593417227268219, 0.6350435614585876, 0.6969990134239197, 0.7424975633621216, 0.7454017400741577, 0.7841238975524902, 0.7850919365882874, 0.7705711722373962, 0.8354308009147644, 0.846079409122467, 0.8606001734733582, 0.8664085268974304, 0.8489835262298584, 0.8557599186897278, 0.875120997428894, 0.8615682721138, 0.8654404878616333, 0.8809293508529663, 0.8925459980964661, 0.9090029001235962, 0.8935140371322632, 0.8838334679603577, 0.9109390377998352, 0.9148112535476685, 0.9080348610877991, 0.9002904295921326, 0.8973862528800964, 0.8741529583930969, 0.9138431549072266, 0.9109390377998352, 0.8944820761680603, 0.9138431549072266, 0.9312681555747986, 0.9128751158714294, 0.9341723322868347, 0.9119070768356323, 0.9119070768356323, 0.8954501748085022, 0.9235237240791321, 0.9273959398269653, 0.9477250576019287, 0.9506292343139648, 0.9467570185661316, 0.951597273349762, 0.9467570185661316, 0.9448208808898926, 0.9419167637825012, 0.9390125870704651, 0.9370764493942261, 0.9496611952781677, 0.9486931562423706, 0.9467570185661316, 0.9496611952781677, 0.9525653719902039], "val_loss": [2.7092678546905518, 1.8164640665054321, 1.3769025802612305, 1.2063467502593994, 0.9896856546401978, 0.8447843194007874, 0.8065519332885742, 0.7235136032104492, 0.7293121218681335, 0.7527604103088379, 0.594153106212616, 0.5646369457244873, 0.5063910484313965, 0.4709591269493103, 0.529326319694519, 0.5002771019935608, 0.422179251909256, 0.5125447511672974, 0.4880601167678833, 0.45378944277763367, 0.4249895513057709, 0.37650227546691895, 0.4144286513328552, 0.44104835391044617, 0.3611637353897095, 0.348377525806427, 0.37114858627319336, 0.39885255694389343, 0.4138745069503784, 0.4659922420978546, 0.3478352427482605, 0.33997830748558044, 0.36716121435165405, 0.3527093231678009, 0.3074772357940674, 0.3346826136112213, 0.28278160095214844, 0.3758903741836548, 0.35748711228370667, 0.4051995277404785, 0.3247278928756714, 0.3448219895362854, 0.26536938548088074, 0.2566172182559967, 0.26190322637557983, 0.25477567315101624, 0.26667872071266174, 0.27617743611335754, 0.29907605051994324, 0.3501795828342438, 0.3415999710559845, 0.28357380628585815, 0.2797643840312958, 0.28645816445350647, 0.28334635496139526, 0.2951670289039612], "learning_rate": [0.0010000000474974513, 0.0010000000474974513, 0.0010000000474974513, 0.0010000000474974513, 0.0010000000474974513, 0.0010000000474974513, 0.0010000000474974513, 0.0010000000474974513, 0.0010000000474974513, 0.0010000000474974513, 0.0010000000474974513, 0.0010000000474974513, 0.0010000000474974513, 0.0010000000474974513, 0.0010000000474974513, 0.0010000000474974513, 0.0010000000474974513, 0.0010000000474974513, 0.0010000000474974513, 0.0010000000474974513, 0.0010000000474974513, 0.0010000000474974513, 0.0010000000474974513, 0.0010000000474974513, 0.0010000000474974513, 0.0010000000474974513, 0.0010000000474974513, 0.0010000000474974513, 0.0010000000474974513, 0.0010000000474974513, 0.0010000000474974513, 0.0010000000474974513, 0.0010000000474974513, 0.0010000000474974513, 0.0010000000474974513, 0.0010000000474974513, 0.0010000000474974513, 0.0010000000474974513, 0.0010000000474974513, 0.0010000000474974513, 0.0010000000474974513, 0.0010000000474974513, 0.0005000000237487257, 0.0005000000237487257, 0.0005000000237487257, 0.0005000000237487257, 0.0005000000237487257, 0.0005000000237487257, 0.0005000000237487257, 0.0005000000237487257, 0.0005000000237487257, 0.0002500000118743628, 0.0002500000118743628, 0.0002500000118743628, 0.0002500000118743628, 0.0002500000118743628]}