{"accuracy": [0.16418078541755676, 0.39367231726646423, 0.5303955078125, 0.6163842082023621, 0.6855367422103882, 0.7319774031639099, 0.7672316431999207, 0.801129937171936, 0.8005649447441101, 0.8387570381164551, 0.8447457551956177, 0.8473446369171143, 0.8614689111709595, 0.8778530955314636, 0.893785297870636, 0.8979660868644714, 0.9054237008094788, 0.9036158323287964, 0.8992090225219727, 0.9107344746589661, 0.9196610450744629, 0.9124293923377991, 0.9175141453742981, 0.9268926382064819, 0.9250847697257996, 0.9411299228668213, 0.9329943656921387, 0.911751389503479, 0.9312994480133057, 0.930282473564148, 0.9449717402458191, 0.9424858689308167, 0.9501695036888123, 0.9368361830711365, 0.9457626938819885, 0.951638400554657, 0.9416949152946472, 0.9646327495574951, 0.9761582016944885, 0.9767231345176697, 0.9787570834159851, 0.9783051013946533, 0.9795480370521545, 0.9796609878540039, 0.9792090654373169, 0.9795480370521545, 0.9774011373519897, 0.9794350266456604, 0.9766101837158203, 0.9784180521965027, 0.9836158156394958, 0.9876835942268372, 0.9896045327186584, 0.9876835942268372, 0.9891525506973267, 0.9896045327186584, 0.9890395402908325, 0.989830493927002, 0.9906214475631714, 0.9908474683761597, 0.9910734295845032, 0.9909604787826538], "loss": [3.499329090118408, 2.0703821182250977, 1.5096495151519775, 1.187249779701233, 0.988758385181427, 0.8343106508255005, 0.7215211987495422, 0.6165536046028137, 0.6175242066383362, 0.5207094550132751, 0.48949962854385376, 0.4737863540649414, 0.4295721650123596, 0.39304864406585693, 0.34106484055519104, 0.3254506289958954, 0.3094879984855652, 0.310823917388916, 0.313809871673584, 0.2974431812763214, 0.2626899778842926, 0.28253450989723206, 0.2667173743247986, 0.23557065427303314, 0.2409476786851883, 0.1906403750181198, 0.20365341007709503, 0.288263738155365, 0.22469142079353333, 0.21853137016296387, 0.18060503900051117, 0.1905643790960312, 0.15685506165027618, 0.21768596768379211, 0.1772700697183609, 0.1535780280828476, 0.19778461754322052, 0.11812765896320343, 0.08264186233282089, 0.07830550521612167, 0.07290384918451309, 0.0682242140173912, 0.06487540155649185, 0.0676811933517456, 0.0693376362323761, 0.0701536014676094, 0.07845083624124527, 0.06860040128231049, 0.0788116529583931, 0.07301340252161026, 0.051731646060943604, 0.0398402102291584, 0.03640292212367058, 0.04005081579089165, 0.03922430798411369, 0.03878312185406685, 0.035298921167850494, 0.03226931765675545, 0.0305949617177248, 0.030837243422865868, 0.029512356966733932, 0.03029278665781021], "val_accuracy": [0.3457106351852417, 0.5012804269790649, 0.5851472616195679, 0.6485275030136108, 0.7112675905227661, 0.7490397095680237, 0.7938540577888489, 0.8169013857841492, 0.8425096273422241, 0.8348271250724792, 0.8540332913398743, 0.8642765879631042, 0.8706786036491394, 0.8770806789398193, 0.8758002519607544, 0.879001259803772, 0.8809219002723694, 0.8962867856025696, 0.893085777759552, 0.9052496552467346, 0.8994878530502319, 0.9052496552467346, 0.8924455642700195, 0.9142125248908997, 0.9206146001815796, 0.9238156080245972, 0.9110115170478821, 0.9078105092048645, 0.922535240650177, 0.9244558215141296, 0.9090909361839294, 0.9289372563362122, 0.9103713035583496, 0.9257362484931946, 0.9340589046478271, 0.9308578968048096, 0.9058898687362671, 0.9449423551559448, 0.9443022012710571, 0.9468629956245422, 0.9475032091140747, 0.9487836360931396, 0.9481434226036072, 0.9481434226036072, 0.9558258652687073, 0.9385403394699097, 0.9532650709152222, 0.9519846439361572, 0.9372599124908447, 0.9398207664489746, 0.9468629956245422, 0.9526248574256897, 0.9551856517791748, 0.9551856517791748, 0.9526248574256897, 0.9532650709152222, 0.9577465057373047, 0.9545454382896423, 0.9603073000907898, 0.9577465057373047, 0.9539052248001099, 0.9532650709152222], "val_loss": [2.422511339187622, 1.663472056388855, 1.319881558418274, 1.1029222011566162, 0.8990409970283508, 0.7499287128448486, 0.6274837255477905, 0.5971377491950989, 0.5347378253936768, 0.52536541223526, 0.4674812853336334, 0.4450322687625885, 0.4243217706680298, 0.40640324354171753, 0.40907999873161316, 0.4006764590740204, 0.3901157081127167, 0.3522970676422119, 0.3416329622268677, 0.34325140714645386, 0.3580867052078247, 0.3335420489311218, 0.36013689637184143, 0.3037421703338623, 0.2975771427154541, 0.2849738299846649, 0.3216939866542816, 0.3553926646709442, 0.2766878008842468, 0.298147976398468, 0.37169817090034485, 0.2605416178703308, 0.33243876695632935, 0.28460395336151123, 0.2645948529243469, 0.27468013763427734, 0.34984350204467773, 0.2398708462715149, 0.23227493464946747, 0.21756137907505035, 0.23376253247261047, 0.217184916138649, 0.22276294231414795, 0.2275332659482956, 0.21415868401527405, 0.2618063688278198, 0.21990752220153809, 0.23795022070407867, 0.2884601652622223, 0.25690460205078125, 0.23056848347187042, 0.20670822262763977, 0.20920923352241516, 0.223525732755661, 0.21397538483142853, 0.21814566850662231, 0.21975989639759064, 0.2213945984840393, 0.21433404088020325, 0.2155448943376541, 0.21838214993476868, 0.22871176898479462], "learning_rate": [0.0010000000474974513, 0.0010000000474974513, 0.0010000000474974513, 0.0010000000474974513, 0.0010000000474974513, 0.0010000000474974513, 0.0010000000474974513, 0.0010000000474974513, 0.0010000000474974513, 0.0010000000474974513, 0.0010000000474974513, 0.0010000000474974513, 0.0010000000474974513, 0.0010000000474974513, 0.0010000000474974513, 0.0010000000474974513, 0.0010000000474974513, 0.0010000000474974513, 0.0010000000474974513, 0.0010000000474974513, 0.0010000000474974513, 0.0010000000474974513, 0.0010000000474974513, 0.0010000000474974513, 0.0010000000474974513, 0.0010000000474974513, 0.0010000000474974513, 0.0010000000474974513, 0.0010000000474974513, 0.0010000000474974513, 0.0010000000474974513, 0.0010000000474974513, 0.0010000000474974513, 0.0010000000474974513, 0.0010000000474974513, 0.0010000000474974513, 0.0010000000474974513, 0.0005000000237487257, 0.0005000000237487257, 0.0005000000237487257, 0.0005000000237487257, 0.0005000000237487257, 0.0005000000237487257, 0.0005000000237487257, 0.0005000000237487257, 0.0005000000237487257, 0.0005000000237487257, 0.0005000000237487257, 0.0005000000237487257, 0.0005000000237487257, 0.0002500000118743628, 0.0002500000118743628, 0.0002500000118743628, 0.0002500000118743628, 0.0002500000118743628, 0.0002500000118743628, 0.0002500000118743628, 0.0001250000059371814, 0.0001250000059371814, 0.0001250000059371814, 0.0001250000059371814, 0.0001250000059371814]}